{"name":"991d58f0-127c-454f-869d-11019670f901","id":"/providers/Microsoft.Flow/flows/991d58f0-127c-454f-869d-11019670f901","type":"Microsoft.Flow/flows","properties":{"apiId":"/providers/Microsoft.PowerApps/apis/shared_logicflows","displayName":"Customer Tour Request and Approve","definition":{"metadata":{"workflowEntityId":null,"processAdvisorMetadata":null,"flowChargedByPaygo":null,"flowclientsuspensionreason":"None","flowclientsuspensiontime":null,"flowclientsuspensionreasondetails":null,"creator":{"id":"91802e2a-1359-409d-9d36-4cbd17b60540","type":"User","tenantId":"105b2061-b669-4b31-92ac-24d304d195dc"},"provisioningMethod":"FromDefinition","failureAlertSubscription":true,"clientLastModifiedTime":"2023-05-16T07:20:13.5150897Z","connectionKeySavedTimeKey":"2024-05-18T20:48:23.8643601Z"},"$schema":"https://schema.management.azure.com/providers/Microsoft.Logic/schemas/2016-06-01/workflowdefinition.json#","contentVersion":"1.0.0.0","parameters":{"$connections":{"defaultValue":{},"type":"Object"},"$authentication":{"defaultValue":{},"type":"SecureObject"}},"triggers":{"When_a_new_response_is_submitted":{"splitOn":"@triggerBody()?['value']","metadata":{"flowSystemMetadata":{"swaggerOperationId":"CreateFormWebhook"},"operationMetadataId":"f9c08b0d-2817-470e-9b6b-571ef2937c89"},"type":"ApiConnectionWebhook","inputs":{"host":{"connection":{"name":"@parameters('$connections')['shared_microsoftforms']['connectionId']"},"api":{"runtimeUrl":"https://flow-apim-msmanaged-na-eastus2-01.azure-apim.net/apim/microsoftforms"}},"body":{"eventType":"responseAdded","notificationUrl":"@{listCallbackUrl()}","source":"ms-connector"},"path":"/formapi/api/forms/@{encodeURIComponent('YSBbEGm2MUuSrCTTBNGV3CougJFZE51AnTZMvRe2BUBUM0VINUw2SlFKNU9OVEpPME9TRjk1OTBFNy4u')}/webhooks","authentication":"@parameters('$authentication')"}}},"actions":{"Get_response_details":{"runAfter":{},"metadata":{"flowSystemMetadata":{"swaggerOperationId":"GetFormResponseById"},"operationMetadataId":"d64ec98b-dc68-4117-a700-892798c1d085"},"type":"ApiConnection","inputs":{"host":{"connection":{"name":"@parameters('$connections')['shared_microsoftforms']['connectionId']"},"api":{"runtimeUrl":"https://flow-apim-msmanaged-na-eastus2-01.azure-apim.net/apim/microsoftforms"}},"method":"get","path":"/formapi/api/forms('@{encodeURIComponent('YSBbEGm2MUuSrCTTBNGV3CougJFZE51AnTZMvRe2BUBUM0VINUw2SlFKNU9OVEpPME9TRjk1OTBFNy4u')}')/responses","queries":{"response_id":"@triggerBody()?['resourceData']?['responseId']"},"authentication":"@parameters('$authentication')"}},"Start_an_approval":{"runAfter":{"Initialize_variable":["Succeeded"]},"metadata":{"flowSystemMetadata":{"swaggerOperationId":"approvalSubscribeV2"},"operationMetadataId":"88bbb4e8-6853-4698-95b4-5298af560922"},"type":"ApiConnectionWebhook","inputs":{"host":{"connection":{"name":"@parameters('$connections')['shared_approvals']['connectionId']"},"api":{"runtimeUrl":"https://flow-apim-msmanaged-na-centralus-01.azure-apim.net/apim/approvals"}},"body":{"notificationUrl":"@listCallbackUrl()","title":"HPE Customer LiveSpace Request for @{body('Get_response_details')?['re138b326eff948929592005f6ddd296b']}","assignedTo":"napaporn.lertsiriworakul@hpe.com; chairutthana.lowsophonkul@hpe.com; juthamas.boonjaroen@hpe.com; unyarat.kuasombat@hpe.com;","details":"Hi Customer Livespace Team,\n\n1. Requester Information\nPerson Requesting Approval: @{body('Get_response_details')?['responder']}\nRequester Name : @{body('Get_response_details')?['ref150f55866445fcba118c17cb0835ab']}  @{body('Get_response_details')?['r7e472afa4048467ea6a12fd34b58c84b']}\nRequester Email : @{body('Get_response_details')?['rcb13c95b1c7c465a9877a607e8329658']}\n\n\n\n2. Session Information\nDate : @{formatDateTime(parseDateTime(body('Get_response_details')?['reacb2fa6dff44264807e50d8f32929ef']), 'dddd, MMMM d, yyyy', 'en-US')}\nTime :  @{body('Get_response_details')?['rde7b5ab18b4346f09fa8d0347bcf5ed5']}\nSession Topic :\n - HPE Data Services : \n   - HPE Alletra dHCI :     @{body('Get_response_details')?['r9c952d310dd34522b5dfe67c8100d7cd']}\n   - HPE SimpliVity with HPE StoreOnce :    @{body('Get_response_details')?['r0a719cf3e82746a4b8c9c249ccbe77da']}\n   - DSCC & Block Storage & BRS :    @{body('Get_response_details')?['rdf4e158ae8f84327ad2dbc9c795bb6fc']}\n   - HPE CloudPhysics :    @{body('Get_response_details')?['r1671c5e1c62746eeb3e400021ae6300e']}\n\n - HPE Data Protection : \n     - Zerto Multi Cloud Mobility :    @{body('Get_response_details')?['rfd9768a310be4c91a02d87b1ed04a61b']}\n     - Cohesity :    @{body('Get_response_details')?['rb577d9b361ce4c9681d6702926b89a90']}\n     - Veeam : @{body('Get_response_details')?['rc6aed586d8c2437fb8c173dc551d730d']}\n\n- Software Defined :\n     - HPE Qumulo : @{body('Get_response_details')?['rc66ed691dd1f4ce295eba12c0f3d7c94']}\n\n - HPE Data Modernization :\n     - HPE Data Modernization on Workshop :    @{body('Get_response_details')?['re7786cf868e94d4baadd45223e6a4cda']}\n\n - HPE HPC AI/ML : \n        @{body('Get_response_details')?['r6b8057fd663f4b1c88bc1c06fb41c212']}\n\n - HPE Compute : \n    - Azure Stack HCI :     @{body('Get_response_details')?['r835d29f1354e49d7be644a6eaf9143ef']}\n    - HPE GreenLake Compute Ops Management :    @{body('Get_response_details')?['r1a70432e90df48bdb6d05f9741764358']}\n\n- As a Service :\n   - HPE Cloud Services with Private Cloud Enterprise :  @{body('Get_response_details')?['r328c710c5db140d1a62746f7535fa65a']}\n   - Enable Hybrid Cloud with HPE Cloud Management Platform :  @{body('Get_response_details')?['rc49da42f169c48899253dab05bd170d3']}\n\n\n- Edge & Data Center Solution HPE Aruba :\n  - Future proof data center security :   @{body('Get_response_details')?['rd93b597806b547198d04292b0e7143bf']}\n\n\nSpecial Note : @{body('Get_response_details')?['rc36f0360387d41c9906a81f4f3ff9cbf']}\n\n\n\n3. Account Information\nOpportunity ID (If any) : @{body('Get_response_details')?['r10334fd6705b4ee1aed6dbfa9e47c213']}\nCustomer Background : @{body('Get_response_details')?['rdf98ec578aa447d6a0d96cb96f760dca']}\nName - Lastname : @{body('Get_response_details')?['ra28afa5d971441ec9ad897a41b13e3f8']}  @{body('Get_response_details')?['rb67f89e2c55b4df99220456f61e59c8d']}\nCompany :  @{body('Get_response_details')?['re138b326eff948929592005f6ddd296b']}\nNumber of Attendees : @{body('Get_response_details')?['r3dc4932c07ee4aca84561f46f3dadec1']}\nHPE Account Manager :  @{body('Get_response_details')?['r37f2b16435964261ae749062e61bc632']}@{body('Get_response_details')?['rc4c3d7f665f94fe09dd24e2b6ba116ea']}@{body('Get_response_details')?['r1c50ac8c95ce4796822a27f3530b9bf7']}\nHPE Sales Specialist : @{body('Get_response_details')?['rbbe5a18872c84959823986b753e3d1fa']}\nPresales : @{body('Get_response_details')?['r53b7342682324c03977c81b83d0fc6c5']}\nReseller : @{body('Get_response_details')?['r88a49c7243e84d6cbd606763e30b9416']}\nTel : @{body('Get_response_details')?['r52ee389cb14e457599831d7a5161785e']}\n\nThank you.\n\nHPE Customer Livespace Sharepoint : https://hpe.sharepoint.com/teams/hpebkksharepoint/customerlivespace\nApproval Table : \nhttps://hpe.sharepoint.com/:x:/t/hpebkksharepoint/customerlivespace/EW4vo76l8q5Nlws0XhI-6BEBcKWSfOh1QdVyHaEkDnqu1Q?e=abfCIh\n","itemLink":"","itemLinkDescription":"Customer Tour Request"},"path":"/types/@{encodeURIComponent('Basic')}/$subscriptions","authentication":"@parameters('$authentication')"}},"Apply_to_each_3":{"foreach":"@body('Start_an_approval')?['responses']","actions":{"Condition":{"actions":{"Apply_to_each":{"foreach":"@body('Start_an_approval')?['responses']","actions":{"Get_a_row_2":{"runAfter":{},"metadata":{"017B7HR6LOF6R35JPSVZGZOCZULYJD52AR":"/Registration/Customer Livespace Tour Record.xlsx","operationMetadataId":"daba02a1-4085-4be6-a0fb-0cd59148a0f3","flowSystemMetadata":{"swaggerOperationId":"GetItem"}},"type":"ApiConnection","inputs":{"host":{"connection":{"name":"@parameters('$connections')['shared_excelonlinebusiness']['connectionId']"},"api":{"runtimeUrl":"https://flow-apim-msmanaged-na-northcentralus-01.azure-apim.net/apim/excelonlinebusiness"}},"method":"get","path":"/drives/@{encodeURIComponent('b!U3FAAfgGr0-sJon10EI13nNT7T13TnBLmIo5ucI3cyxIwAJZnDnuT6N4u4sEe4Ka')}/files/@{encodeURIComponent(encodeURIComponent('017B7HR6LOF6R35JPSVZGZOCZULYJD52AR'))}/tables/@{encodeURIComponent('{600DBD94-4628-41D5-B369-768B6E70CBDF}')}/items/@{encodeURIComponent(encodeURIComponent(concat('CLS-', triggerBody()?['resourceData']?['responseId'])))}","queries":{"source":"sites/hpe.sharepoint.com,01407153-06f8-4faf-ac26-89f5d04235de,3ded5373-4e77-4b70-988a-39b9c237732c","idColumn":"ID"},"authentication":"@parameters('$authentication')"}},"Send_an_email_for_approval":{"runAfter":{"Get_a_row_2":["Succeeded"]},"metadata":{"flowSystemMetadata":{"swaggerOperationId":"SendEmail"},"operationMetadataId":"158a2b26-8020-450c-9bb7-f4e956ea72f9"},"type":"ApiConnection","inputs":{"host":{"connection":{"name":"@parameters('$connections')['shared_office365']['connectionId']"},"api":{"runtimeUrl":"https://flow-apim-msmanaged-na-eastus-01.azure-apim.net/apim/office365"}},"method":"post","body":{"To":"@{body('Get_response_details')?['rcb13c95b1c7c465a9877a607e8329658']} ","Subject":"Request Status - @{body('Get_response_details')?['re138b326eff948929592005f6ddd296b']} :  Approve","Body":"Good Day , @{body('Get_response_details')?['ref150f55866445fcba118c17cb0835ab']} !\n\nCongrats, your requested session for @{body('Get_response_details')?['re138b326eff948929592005f6ddd296b']} has been accepted!\n\nSession Information\nDate :  @{formatDateTime(parseDateTime(body('Get_a_row_2')?['Confirmed Date ']), 'dddd, MMMM d, yyyy', 'en-US')}\nTime :  @{body('Get_a_row_2')?['Confirmed Time']}\nSession Topic : \n - HPE Data Services : \n   - HPE Alletra dHCI :     @{body('Get_response_details')?['r9c952d310dd34522b5dfe67c8100d7cd']}\n   - HPE SimpliVity with HPE StoreOnce :    @{body('Get_response_details')?['r0a719cf3e82746a4b8c9c249ccbe77da']}\n   - DSCC & Block Storage & BRS :    @{body('Get_response_details')?['rdf4e158ae8f84327ad2dbc9c795bb6fc']}\n   - HPE CloudPhysics :    @{body('Get_response_details')?['r1671c5e1c62746eeb3e400021ae6300e']}\n   \n\n - HPE Data Protection : \n     - Zerto Multi Cloud Mobility :    @{body('Get_response_details')?['rfd9768a310be4c91a02d87b1ed04a61b']}\n     - Cohesity :    @{body('Get_response_details')?['rb577d9b361ce4c9681d6702926b89a90']}\n     - Veeam : @{body('Get_response_details')?['rc6aed586d8c2437fb8c173dc551d730d']}\n\n- Software Defined :\n     - HPE Qumulo : @{body('Get_response_details')?['rc66ed691dd1f4ce295eba12c0f3d7c94']}\n\n - HPE Data Modernization :\n     - HPE Data Modernization on Workshop :    @{body('Get_response_details')?['re7786cf868e94d4baadd45223e6a4cda']}\n\n - HPE HPC AI/ML : \n        @{body('Get_response_details')?['r6b8057fd663f4b1c88bc1c06fb41c212']}\n\n - HPE Compute : \n    - Azure Stack HCI :     @{body('Get_response_details')?['r835d29f1354e49d7be644a6eaf9143ef']}\n    - HPE GreenLake Compute Ops Management :    @{body('Get_response_details')?['r1a70432e90df48bdb6d05f9741764358']}\n\n- As a Service :\n   - HPE Cloud Services with Private Cloud Enterprise :  @{body('Get_response_details')?['r328c710c5db140d1a62746f7535fa65a']}\n   - Enable Hybrid Cloud with HPE Cloud Management Platform :  @{body('Get_response_details')?['rc49da42f169c48899253dab05bd170d3']}\n\n\n- Edge & Data Center Solution HPE Aruba :\n  - Future proof data center security :   @{body('Get_response_details')?['rd93b597806b547198d04292b0e7143bf']}\n\n\nSpecial Note : @{body('Get_response_details')?['rc36f0360387d41c9906a81f4f3ff9cbf']}\n\nAccount Information\nCustomer Background : @{body('Get_response_details')?['rdf98ec578aa447d6a0d96cb96f760dca']}\nName - Lastname : @{body('Get_response_details')?['ra28afa5d971441ec9ad897a41b13e3f8']}  @{body('Get_response_details')?['rb67f89e2c55b4df99220456f61e59c8d']}\nCompany :  @{body('Get_response_details')?['re138b326eff948929592005f6ddd296b']}\nNumber of Attendees : @{body('Get_response_details')?['r3dc4932c07ee4aca84561f46f3dadec1']}\n\nHPE Account Manager :  @{body('Get_response_details')?['r37f2b16435964261ae749062e61bc632']}@{body('Get_response_details')?['rc4c3d7f665f94fe09dd24e2b6ba116ea']}@{body('Get_response_details')?['r1c50ac8c95ce4796822a27f3530b9bf7']}\nHPE Sales Specialist : @{body('Get_response_details')?['rbbe5a18872c84959823986b753e3d1fa']}\n\nPresales : @{body('Get_response_details')?['r53b7342682324c03977c81b83d0fc6c5']}\n\n\nReseller : @{body('Get_response_details')?['r88a49c7243e84d6cbd606763e30b9416']}\nTel : @{body('Get_response_details')?['r52ee389cb14e457599831d7a5161785e']}\n\nPlease review the detail, if there any change or update, please contact K.Napaporn 081-855-8733 or napaporn.lertsiriworakul@hpe.com.\n\nThank you,\nHPE Cusotmer Livespace Team","Bcc":"asurachai@hpe.com;chairutthana.lowsophonkul@hpe.com;unyarat.kuasombat@hpe.com;juthamas.boonjaroen@hpe.com;napaporn.lertsiriworakul@hpe.com","ReplyTo":"napaporn.lertsiriworakul@hpe.com","Importance":"High"},"path":"/Mail","authentication":"@parameters('$authentication')"}}},"runAfter":{},"metadata":{"operationMetadataId":"d3c32e68-9944-4aae-9329-935e9ef06158"},"type":"Foreach"}},"runAfter":{},"else":{"actions":{"Apply_to_each_2":{"foreach":"@body('Start_an_approval')?['responses']","actions":{"Send_an_email_for_rejection":{"runAfter":{},"metadata":{"flowSystemMetadata":{"swaggerOperationId":"SendEmail"},"operationMetadataId":"ca59ebfd-d654-4b40-81f4-32a7c2e29014"},"type":"ApiConnection","inputs":{"host":{"connection":{"name":"@parameters('$connections')['shared_office365']['connectionId']"},"api":{"runtimeUrl":"https://flow-apim-msmanaged-na-eastus-01.azure-apim.net/apim/office365"}},"method":"post","body":{"To":"@body('Get_response_details')?['rcb13c95b1c7c465a9877a607e8329658']","Subject":"Request Status - @{body('Get_response_details')?['re138b326eff948929592005f6ddd296b']} :  Reject","Body":"Good Day , @{body('Get_response_details')?['ref150f55866445fcba118c17cb0835ab']} !\n\nWe are sorry, your requested session for  @{body('Get_response_details')?['re138b326eff948929592005f6ddd296b']} has been rejected!\n\nSession Information\nDate :  @{formatDateTime(parseDateTime(body('Get_response_details')?['reacb2fa6dff44264807e50d8f32929ef']), 'dddd, MMMM d, yyyy', 'en-US')}\nTime :  @{body('Get_response_details')?['rde7b5ab18b4346f09fa8d0347bcf5ed5']}\nSession Topic : \n - HPE Data Services : \n   - HPE Alletra dHCI :     @{body('Get_response_details')?['r9c952d310dd34522b5dfe67c8100d7cd']}\n   - HPE SimpliVity with HPE StoreOnce :    @{body('Get_response_details')?['r0a719cf3e82746a4b8c9c249ccbe77da']}\n   - DSCC & Block Storage & BRS :    @{body('Get_response_details')?['rdf4e158ae8f84327ad2dbc9c795bb6fc']}\n   - HPE CloudPhysics :    @{body('Get_response_details')?['r1671c5e1c62746eeb3e400021ae6300e']}\n\n\n - HPE Data Protection : \n     - Zerto Multi Cloud Mobility :    @{body('Get_response_details')?['rfd9768a310be4c91a02d87b1ed04a61b']}\n     - Cohesity :    @{body('Get_response_details')?['rb577d9b361ce4c9681d6702926b89a90']}\n     - Veeam : @{body('Get_response_details')?['rc6aed586d8c2437fb8c173dc551d730d']}\n\n- Software Defined :\n     - HPE Qumulo : @{body('Get_response_details')?['rc66ed691dd1f4ce295eba12c0f3d7c94']}\n\n - HPE Data Modernization :\n     - HPE Data Modernization on Workshop :    @{body('Get_response_details')?['re7786cf868e94d4baadd45223e6a4cda']}\n\n - HPE HPC AI/ML : \n        @{body('Get_response_details')?['r6b8057fd663f4b1c88bc1c06fb41c212']}\n\n - HPE Compute : \n    - Azure Stack HCI :     @{body('Get_response_details')?['r835d29f1354e49d7be644a6eaf9143ef']}\n    - HPE GreenLake Compute Ops Management :    @{body('Get_response_details')?['r1a70432e90df48bdb6d05f9741764358']}\n\n- As a Service :\n   - HPE Cloud Services with Private Cloud Enterprise :  @{body('Get_response_details')?['r328c710c5db140d1a62746f7535fa65a']}\n   - Enable Hybrid Cloud with HPE Cloud Management Platform :  @{body('Get_response_details')?['rc49da42f169c48899253dab05bd170d3']}\n\n\n- Edge & Data Center Solution HPE Aruba :\n  - Future proof data center security :   @{body('Get_response_details')?['rd93b597806b547198d04292b0e7143bf']}\n\nSpecial Note : @{body('Get_response_details')?['rc36f0360387d41c9906a81f4f3ff9cbf']}\n\nPlease contact K.Napaporn 081-855-8733 or napaporn.lertsiriworakul@hpe.com for additional information.\n\nThank you,\nHPE Cusotmer Livespace Team","Bcc":"asurachai@hpe.com;chairutthana.lowsophonkul@hpe.com;unyarat.kuasombat@hpe.com;juthamas.boonjaroen@hpe.com;napaporn.lertsiriworakul@hpe.com","ReplyTo":"napaporn.lertsiriworakul@hpe.com","Importance":"High"},"path":"/Mail","authentication":"@parameters('$authentication')"}}},"runAfter":{},"metadata":{"operationMetadataId":"3cedd719-1897-4c9a-a494-00267ec07d0b"},"type":"Foreach"}}},"expression":"@equals(items('Apply_to_each_3')?['approverResponse'], 'Approve')","metadata":{"operationMetadataId":"d89c555b-eda5-47f7-8b94-ec58d9aaf71e"},"type":"If"},"Update_a_row_2":{"runAfter":{"Condition":["Succeeded"]},"metadata":{"017B7HR6LOF6R35JPSVZGZOCZULYJD52AR":"/Registration/Customer Livespace Tour Record.xlsx","operationMetadataId":"3e77140f-74b0-43f2-bb03-8686e83860fa","flowSystemMetadata":{"swaggerOperationId":"PatchItem"}},"type":"ApiConnection","inputs":{"host":{"connection":{"name":"@parameters('$connections')['shared_excelonlinebusiness']['connectionId']"},"api":{"runtimeUrl":"https://flow-apim-msmanaged-na-northcentralus-01.azure-apim.net/apim/excelonlinebusiness"}},"method":"patch","body":{"Submission Time":"@body('Convert_time_zone')","Approval Status":"@body('Start_an_approval')?['response']"},"path":"/drives/@{encodeURIComponent('b!U3FAAfgGr0-sJon10EI13nNT7T13TnBLmIo5ucI3cyxIwAJZnDnuT6N4u4sEe4Ka')}/files/@{encodeURIComponent(encodeURIComponent('017B7HR6LOF6R35JPSVZGZOCZULYJD52AR'))}/tables/@{encodeURIComponent('{600DBD94-4628-41D5-B369-768B6E70CBDF}')}/items/@{encodeURIComponent(encodeURIComponent(concat('CLS-', triggerBody()?['resourceData']?['responseId'])))}","queries":{"source":"sites/hpe.sharepoint.com,01407153-06f8-4faf-ac26-89f5d04235de,3ded5373-4e77-4b70-988a-39b9c237732c","idColumn":"ID"},"authentication":"@parameters('$authentication')"}}},"runAfter":{"Start_an_approval":["Succeeded"]},"metadata":{"operationMetadataId":"878ca156-5107-4492-a342-3b2f2e324587"},"type":"Foreach"},"Convert_time_zone":{"runAfter":{"Get_response_details":["Succeeded"]},"metadata":{"operationMetadataId":"48041ff0-1b5b-423f-9efd-93b4d56627f6"},"type":"Expression","kind":"ConvertTimeZone","inputs":{"baseTime":"@body('Get_response_details')?['submitDate']","formatString":"G","sourceTimeZone":"UTC","destinationTimeZone":"SE Asia Standard Time"}},"Add_a_row_into_a_table":{"runAfter":{"Convert_time_zone":["Succeeded"]},"metadata":{"017B7HR6LOF6R35JPSVZGZOCZULYJD52AR":"/Registration/Customer Livespace Tour Record.xlsx","operationMetadataId":"a32ddcfa-9542-4e08-982d-b79f70e3a396","flowSystemMetadata":{"swaggerOperationId":"AddRowV2"}},"type":"ApiConnection","inputs":{"host":{"connection":{"name":"@parameters('$connections')['shared_excelonlinebusiness']['connectionId']"},"api":{"runtimeUrl":"https://flow-apim-msmanaged-na-northcentralus-01.azure-apim.net/apim/excelonlinebusiness"}},"method":"post","body":{"ID":"@{concat('CLS-', triggerBody()?['resourceData']?['responseId'])}","Submission Time":"@body('Convert_time_zone')","Requester First Name":"@body('Get_response_details')?['ref150f55866445fcba118c17cb0835ab']","Requester Last Name":"@body('Get_response_details')?['r7e472afa4048467ea6a12fd34b58c84b']","Requester Company":"@body('Get_response_details')?['r864b6c6df0db43d39e78d364908f811a']","Requester Email":"@body('Get_response_details')?['rcb13c95b1c7c465a9877a607e8329658']","Requester Mobile Phone Number":"@body('Get_response_details')?['r71a2ddd7d25d43f499152e6a8be50179']","Request Demo Date":"@body('Get_response_details')?['reacb2fa6dff44264807e50d8f32929ef']","Preferred Session Start Time":"@body('Get_response_details')?['rde7b5ab18b4346f09fa8d0347bcf5ed5']","Modernize Virtual Infrastructure with HCI 2_x002e_0 [ dHCI 90min_x003a_ Present 30min + Demo 90min]":"@body('Get_response_details')?['r9c952d310dd34522b5dfe67c8100d7cd']","Assessment with confident power by HPE CloudPhysics [30min_x003a_ Present 10min + Demo 20min]":"@body('Get_response_details')?['r1671c5e1c62746eeb3e400021ae6300e']","All in One HCI Solution for Edge-to-Core {HPE SimpliVity} [60min_x003a_ Present 30min + Demo 30min]":"@body('Get_response_details')?['r0a719cf3e82746a4b8c9c249ccbe77da']","HPE Cloud operation experience management with Block Storage [DSCC 40min_x003a_ Present 20min + Demo 20min]":"@body('Get_response_details')?['rdf4e158ae8f84327ad2dbc9c795bb6fc']","Achive Multi-Cloud Mobility with Zerto [60min_x003a_ Present 30min + Demo 30min]":"@body('Get_response_details')?['rfd9768a310be4c91a02d87b1ed04a61b']","Cohesity - Data Management Platform [90min_x003a_ Present 30min + Demo 60min]":"@body('Get_response_details')?['rb577d9b361ce4c9681d6702926b89a90']","HPE x Veeam_x003a_ Unified for Your Data Protection [90min_x003a_ Present 45min + Demo 45min]":"@body('Get_response_details')?['rc6aed586d8c2437fb8c173dc551d730d']","HPE Qumulo_x003a_ High Performance Scale-out NAS [60min_x003a_ Present 30min + Demo 30min]":"@body('Get_response_details')?['rc66ed691dd1f4ce295eba12c0f3d7c94']","HPE Data Modernization with HPE Ezmeral Workshop [90min_x003a_ Present 20min + Demo 70min]":"@body('Get_response_details')?['re7786cf868e94d4baadd45223e6a4cda']","Delivering superior HPC performance and sustainability [60min_x003a_ Present 45min + Demo 15min]":"@body('Get_response_details')?['r6b8057fd663f4b1c88bc1c06fb41c212']","Compute lifecycle management portfolio from edge-to-cloud [45min_x003a_ Present 15min + Demo 30min]":"@body('Get_response_details')?['r1a70432e90df48bdb6d05f9741764358']","Innovate any place with HPE and MICROSOFT AZURE STACK HCI [40min_x003a_ Present 20min + Demo 20min]":"@body('Get_response_details')?['r835d29f1354e49d7be644a6eaf9143ef']","HPE Cloud Services with Private Cloud Enterprise [50min_x003a_ Present 20min + Demo 30min]":"@body('Get_response_details')?['r328c710c5db140d1a62746f7535fa65a']","Enable Hybrid Cloud with HPE Cloud Management Platform [40min_x003a_ Present  20min + Demo 20min]":"@body('Get_response_details')?['rc49da42f169c48899253dab05bd170d3']","Future proof data center security [30min_x003a_ Present 20min + Demo 10min]":"@body('Get_response_details')?['rd93b597806b547198d04292b0e7143bf']","Topic Special Notes":"@body('Get_response_details')?['rc36f0360387d41c9906a81f4f3ff9cbf']","Customer Company Name":"@body('Get_response_details')?['re138b326eff948929592005f6ddd296b']","Estimate Number of Attendees":"@body('Get_response_details')?['r3dc4932c07ee4aca84561f46f3dadec1']","Key Customer First Name":"@body('Get_response_details')?['ra28afa5d971441ec9ad897a41b13e3f8']","Key Customer Last Name":"@body('Get_response_details')?['rb67f89e2c55b4df99220456f61e59c8d']","Key Customer Email ":"@body('Get_response_details')?['r911662cc3d1847db9fe394268aac5eca']","Account Territory":"@body('Get_response_details')?['r2fdf70e8cb434b9ea69b735a95deef45']","Please select Account Manager Name (ENT/PUB)":"@body('Get_response_details')?['r37f2b16435964261ae749062e61bc632']","Please select Account Manager Name (E2C)":"@body('Get_response_details')?['rc4c3d7f665f94fe09dd24e2b6ba116ea']","Please select Account Manager Name (Channel)":"@body('Get_response_details')?['r1c50ac8c95ce4796822a27f3530b9bf7']","Sales Specialist Name":"@body('Get_response_details')?['rbbe5a18872c84959823986b753e3d1fa']","Account Presales Name":"@body('Get_response_details')?['r53b7342682324c03977c81b83d0fc6c5']","Opportunity-ID":"@body('Get_response_details')?['r10334fd6705b4ee1aed6dbfa9e47c213']","Current Sales State":"@body('Get_response_details')?['r6787c7fa47ff40739fedb627623056b3']","Opportunity Background":"@body('Get_response_details')?['rdf98ec578aa447d6a0d96cb96f760dca']","Attendee Background / Remark":"@body('Get_response_details')?['r60b31f0300ce4cf28a0478c3b134db15']","Distributor Company Name":"@body('Get_response_details')?['r6f7c89ec91364c85b0c6f639fcd68e39']","Reseller Company Name":"@body('Get_response_details')?['r88a49c7243e84d6cbd606763e30b9416']","Reseller Contract Name":"@body('Get_response_details')?['ra9453f293da54b38b9ec35066a100a67']","Reseller Email":"@body('Get_response_details')?['r3e808cab4a4a4817a1ea545657300ab6']","Reseller Mobile Phone Number":"@body('Get_response_details')?['r52ee389cb14e457599831d7a5161785e']","Approval Status":"Requested"},"path":"/codeless/v1.2/drives/@{encodeURIComponent('b!U3FAAfgGr0-sJon10EI13nNT7T13TnBLmIo5ucI3cyxIwAJZnDnuT6N4u4sEe4Ka')}/items/@{encodeURIComponent(encodeURIComponent('017B7HR6LOF6R35JPSVZGZOCZULYJD52AR'))}/workbook/tables/@{encodeURIComponent('{600DBD94-4628-41D5-B369-768B6E70CBDF}')}/rows","queries":{"source":"sites/hpe.sharepoint.com,01407153-06f8-4faf-ac26-89f5d04235de,3ded5373-4e77-4b70-988a-39b9c237732c"},"authentication":"@parameters('$authentication')"}},"Initialize_variable":{"runAfter":{"Add_a_row_into_a_table":["Succeeded"]},"metadata":{"operationMetadataId":"c554abfc-0c78-4850-8d67-347009e1e1ae"},"type":"InitializeVariable","inputs":{"variables":[{"name":"var_confirmdate","type":"string","value":"mm/dd/yyyy"}]}}},"outputs":{},"description":"When a response id submitted to Microsoft Forms, start an approval process, if approved send an email for successful approval else send an rejection email."},"connectionReferences":{"shared_microsoftforms":{"connectionName":"shared-microsoftform-25d14c8e-9fce-497b-9e31-fc0fea3339f6","source":"Embedded","id":"/providers/Microsoft.PowerApps/apis/shared_microsoftforms","tier":"NotSpecified"},"shared_approvals":{"connectionName":"shared-approvals-823bc3ff-a4a9-4fd2-a1f6-f009d58debb9","source":"Embedded","id":"/providers/Microsoft.PowerApps/apis/shared_approvals","tier":"NotSpecified"},"shared_excelonlinebusiness":{"connectionName":"shared-excelonlinebu-3c03a905-f30e-44d5-b9cd-343205625587","source":"Embedded","id":"/providers/Microsoft.PowerApps/apis/shared_excelonlinebusiness","tier":"NotSpecified"},"shared_office365":{"connectionName":"shared-office365-4fa078aa-c65a-434a-8ed6-54e5e6f66831","source":"Embedded","id":"/providers/Microsoft.PowerApps/apis/shared_office365","tier":"NotSpecified"}},"flowFailureAlertSubscribed":false,"isManaged":false}}